2026-04-26T13:36:24.502576	user-636@adverb.in	update	control/CC6.1
2026-04-27T08:58:24.502580	user-779@adverb.in	create	policy/AUP
2026-04-27T10:19:24.502583	user-416@adverb.in	update	evidence/123
2026-04-26T21:45:24.502586	user-505@adverb.in	update	vendor/aws
2026-04-27T13:23:24.502589	user-774@adverb.in	update	control/CC6.1
2026-04-27T07:32:24.502592	user-408@adverb.in	create	policy/AUP
2026-04-27T07:06:24.502594	user-341@adverb.in	update	vendor/aws
2026-04-27T10:20:24.502597	user-841@adverb.in	update	control/CC6.1
2026-04-26T14:02:24.502600	user-668@adverb.in	create	policy/AUP
2026-04-26T21:07:24.502603	user-263@adverb.in	create	policy/AUP
2026-04-26T21:20:24.502605	user-663@adverb.in	delete	control/CC6.1
2026-04-26T21:17:24.502608	user-784@adverb.in	delete	vendor/aws
2026-04-27T05:07:24.502611	user-881@adverb.in	read	vendor/aws
2026-04-27T09:01:24.502613	user-425@adverb.in	update	vendor/aws
2026-04-27T02:15:24.502616	user-389@adverb.in	delete	vendor/aws