2026-04-26T22:00:25.004572	user-223@adverb.in	update	control/CC6.1
2026-04-27T11:13:25.004577	user-446@adverb.in	read	control/CC6.1
2026-04-26T17:19:25.004580	user-325@adverb.in	read	policy/AUP
2026-04-26T15:52:25.004583	user-160@adverb.in	update	policy/AUP
2026-04-27T12:20:25.004585	user-980@adverb.in	create	policy/AUP
2026-04-26T19:52:25.004587	user-343@adverb.in	create	vendor/aws
2026-04-27T06:06:25.004590	user-652@adverb.in	update	vendor/aws
2026-04-27T05:07:25.004593	user-903@adverb.in	delete	vendor/aws
2026-04-27T06:55:25.004595	user-196@adverb.in	read	vendor/aws
2026-04-27T01:19:25.004597	user-533@adverb.in	delete	vendor/aws
2026-04-27T11:34:25.004600	user-789@adverb.in	read	policy/AUP
2026-04-26T23:40:25.004602	user-845@adverb.in	create	policy/AUP
2026-04-27T04:55:25.004605	user-296@adverb.in	update	vendor/aws
2026-04-27T08:37:25.004607	user-532@adverb.in	update	evidence/123
2026-04-26T21:37:25.004610	user-355@adverb.in	read	vendor/aws